uniprot_id	gene_symbol	gatekeeper	gloop	aloop	achelix
O00141	SGK1	176	103...113	239...262	131...133
O00238	BMPR1B	279	211...218	349...376	235...237
O00311	CDC7	134	[N/A]	195...205, 366...378	98...110
O00444	PLK4	89	18...24	153...176	45...50
O00506	STK25	95	26...32	157...180	60...72
O14733	MAP2K7	196	[N/A]	260...282	157...172
O14757	CHEK1	[N/A]	15...21	147...172	42...44
O14920	IKBKB	[N/A]	20...31	[N/A]	52...67
O14976	GAK	123	[N/A]	190...220, 222...225	76...92
O15075	DCLK1	465	396...402	[N/A]	436...440
O15146	MUSK	655	[N/A]	742...767	[N/A]
O15264	MAPK13	107	31...37	167...187	63...78
O15530	PDPK1	159	[N/A]	222...232, 239...247	115...120
O43283	MAP3K13	233	[N/A]	296...318	[N/A]
O43293	DAPK3	93	19...25	160...182	49...51
O43318	MAP3K7	[N/A]	41...48	[N/A]	70...83
O43353	RIPK2	95	[N/A]	163...191	59...72
O43683	BUB1	[N/A]	793...799	[N/A]	828...840
O43781	DYRK3	288	[N/A]	354...374	[N/A]
O60285	NUAK1	132	[N/A]	195...217	[N/A]
O60307	MAST3	444	[N/A]	507...517, 537...545	[N/A]
O60674	JAK2	929	552...559, 855...861	698...717, 993...1019	569...571, 889...903
O75116	ROCK2	169	98...104	231...255	125...130
O75460	ERN1	642	[N/A]	710...725, 729...736	603...605
O75582	RPS6KA5	131	55...63, 433...440	194...204, 207...218, 564...587	95...97, 459...461
O75676	RPS6KA4	115	[N/A]	178...188, 191...202	[N/A]
O75716	STK16	98	[N/A]	165...191, 193...197	56...70
O75962	TRIO	2869	[N/A]	2935...2957	[N/A]
O76039	CDKL5	89	[N/A]	152...176	55...66
O94768	STK17B	110	40...47	178...200	74...86
O94804	STK10	110	[N/A]	174...197	75...87
O94806	PRKD3	652	[N/A]	719...741	[N/A]
O94921	CDK14	210	[N/A]	273...296	[N/A]
O95382	MAP3K6	722	[N/A]	789...812	[N/A]
O95747	OXSR1	92	22...33	163...176, 183...191	57...65
O95819	MAP4K4	105	31...37	[N/A]	63...73
O95835	LATS1	782	[N/A]	845...857, 905...915	[N/A]
O96013	PAK4	395	327...333	457...480	354...356
O96017	CHEK2	301	226...232	367...377, 381...389	253...256
P00519	ABL1	315	245...256	380...404	248...251
P00533	EGFR	790	719...726	854...879	756...767
P00540	MOS	139	[N/A]	218...233, 238...244	[N/A]
P04049	RAF1	421	[N/A]	485...510	[N/A]
P04626	ERBB2	798	726...732	862...887	761...774
P04629	NTRK1	589	515...522	667...692	552...566
P05129	PRKCG	434	[N/A]	497...520	[N/A]
P05771	PRKCB	420	349...356	483...506	375...380
P06213	INSR	1103	1029...1035	1176...1201	1065...1078
P06239	LCK	316	252...259	381...390, 392...405	282...294
P06241	FYN	342	276...287	407...431	308...318
P06493	CDK1	80	10...19	145...168	40...42
P07332	FES	[N/A]	568...575	[N/A]	598...601
P07333	CSF1R	[N/A]	588...594	[N/A]	624...640
P07947	YES1	348	[N/A]	413...437	[N/A]
P07948	LYN	319	[N/A]	384...408	290...293
P07949	RET	808	730...736	891...916	746...748
P08069	IGF1R	1079	1005...1011	1152...1177	1041...1053
P08581	MET	1157	1085...1092	1221...1240, 1242...1248	1118...1132
P08631	HCK	333	267...274	[N/A]	299...309
P08922	ROS1	2026	1950...1961	2101...2126	1988...2002
P09619	PDGFRB	681	[N/A]	843...868	[N/A]
P09769	FGR	334	[N/A]	[N/A]	[N/A]
P0C1S8	WEE2	289	[N/A]	379...398	[N/A]
P10398	ARAF	382	[N/A]	446...471	[N/A]
P10721	KIT	670	595...601	809...834	631...647
P11309	PIM1	211	[N/A]	276...297	162...164
P11362	FGFR1	561	484...490	640...665	522...538
P11802	CDK4	93	[N/A]	[N/A]	51...63
P12931	SRC	341	276...285	406...430	307...319
P14616	INSRR	1059	[N/A]	1132...1157	[N/A]
P15056	BRAF	[N/A]	464...471	[N/A]	492...506
P15735	PHKG2	107	[N/A]	170...192	64...84
P16066	NPR1	612	[N/A]	[N/A]	[N/A]
P16234	PDGFRA	674	599...605	835...860	635...651
P16591	FER	637	[N/A]	[N/A]	[N/A]
P17612	PRKACA	121	50...59	184...204	77...82
P17948	FLT1	909	833...839	1039...1064	849...851
P19525	EIF2AK2	366	[N/A]	431...440, 442...453	303...305
P19784	CSNK2A2	114	[N/A]	175...185, 190...197	76...88
P20594	NPR2	596	[N/A]	[N/A]	[N/A]
P20794	MAK	79	[N/A]	142...152, 155...164	[N/A]
P21709	EPHA1	702	[N/A]	[N/A]	[N/A]
P21802	FGFR2	564	487...496	643...668	525...541
P21860	ERBB3	787	714...724	[N/A]	758...764
P22455	FGFR4	550	472...482	[N/A]	511...527
P22607	FGFR3	555	478...484	[N/A]	516...532
P22612	PRKACG	121	[N/A]	184...204	[N/A]
P22694	PRKACB	121	[N/A]	184...204	[N/A]
P23443	RPS6KB1	172	97...103	235...258	127...132
P23458	JAK1	[N/A]	590...597, 881...887	[N/A]	629...644, 919...930
P24723	PRKCH	433	362...369	496...519	388...394
P24941	CDK2	80	10...16	144...167	46...54
P25092	GUCY2C	561	[N/A]	[N/A]	[N/A]
P25098	GRK2	[N/A]	197...203	[N/A]	224...229
P27037	ACVR2A	[N/A]	[N/A]	[N/A]	223...225
P27361	MAPK3	122	49...56	183...209	79...94
P28482	MAPK1	110	32...39	166...192	62...77
P29317	EPHA2	692	619...625	756...782	635...637
P29320	EPHA3	699	627...633	763...789	661...674
P29322	EPHA8	713	641...649	777...803	675...688
P29323	EPHB2	[N/A]	624...637	[N/A]	661...674
P29376	LTK	590	[N/A]	663...688	[N/A]
P29597	TYK2	978	596...603, 903...909	1040...1066	649...663, 938...953
P30291	WEE1	376	306...313	462...481	338...352
P31152	MAPK4	110	[N/A]	167...193	[N/A]
P31749	AKT1	227	156...162	291...314	183...188
P31751	AKT2	229	158...164	292...315	185...190
P32298	GRK4	[N/A]	193...199	[N/A]	220...226
P33981	TTK	602	[N/A]	663...688	557...559
P34947	GRK5	263	193...200	328...350	219...224
P35590	TIE1	917	[N/A]	996...1018	[N/A]
P35626	GRK3	271	[N/A]	334...355	[N/A]
P35916	FLT4	927	[N/A]	1054...1079	[N/A]
P35968	KDR	975	840...846	1045...1070	876...892
P36507	MAP2K2	147	78...87	211...232	110...119
P36888	FLT3	691	616...622	[N/A]	656...668
P36894	BMPR1A	309	[N/A]	379...406	[N/A]
P36896	ACVR1B	282	[N/A]	352...379	[N/A]
P36897	TGFBR1	[N/A]	211...217	[N/A]	236...238
P37023	ACVRL1	277	209...216	347...374	233...235
P37173	TGFBR2	325	250...259	396...423	281...283
P41240	CSK	266	201...210	331...351	231...235
P41279	MAP3K8	207	[N/A]	269...292	171...173
P41743	PRKCI	[N/A]	260...266	[N/A]	287...289
P42679	MATK	304	[N/A]	369...389	[N/A]
P42680	TEC	442	[N/A]	506...530	[N/A]
P42681	TXK	343	[N/A]	407...431	[N/A]
P42684	ABL2	[N/A]	291...302	[N/A]	294...297
P42685	FRK	306	[N/A]	371...380, 384...398	[N/A]
P43250	GRK6	263	193...200	328...350	219...224
P43403	ZAP70	[N/A]	343...352	[N/A]	377...392
P43405	SYK	448	378...386	511...537	411...424
P45983	MAPK8	108	32...38	168...178, 182...190	60...62
P45984	MAPK9	[N/A]	31...40	[N/A]	64...79
P45985	MAP2K4	178	108...114	246...268	139...153
P46734	MAP2K3	140	[N/A]	207...222, 224...229	[N/A]
P48729	CSNK1A1	90	22...29	156...186	57...67
P48730	CSNK1D	82	14...23	148...158, 160...178	49...59
P49137	MAPKAPK2	138	71...78	206...228	99...111
P49336	CDK8	97	[N/A]	172...198	61...72
P49674	CSNK1E	82	[N/A]	148...158, 160...178	51...56
P49759	CLK1	[N/A]	168...175	[N/A]	197...216
P49760	CLK2	243	170...177	326...346	199...218
P49761	CLK3	[N/A]	311...318	[N/A]	340...359
P49840	GSK3A	195	[N/A]	262...272, 274...284	[N/A]
P49841	GSK3B	[N/A]	[N/A]	[N/A]	96...102
P50613	CDK7	91	19...26	154...165, 167...177	58...68
P50750	CDK9	103	[N/A]	166...180, 183...193	61...72
P51451	BLK	312	[N/A]	[N/A]	[N/A]
P51617	IRAK1	288	[N/A]	[N/A]	[N/A]
P51812	RPS6KA3	147	74...80, 428...434	210...221, 223...233, 560...583	109...124, 461...470
P51813	BMX	489	424...431	553...577	454...466
P51817	PRKX	126	[N/A]	189...209	[N/A]
P51841	GUCY2F	623	[N/A]	[N/A]	[N/A]
P51955	NEK2	86	14...20	158...170, 173...181	41...43
P51957	NEK4	83	[N/A]	148...171	[N/A]
P52333	JAK3	902	828...834	966...992	862...877
P52564	MAP2K6	129	59...65	196...211, 213...218	90...104
P53350	PLK1	130	60...67	193...216	86...88
P53355	DAPK1	93	19...25	160...182	58...70
P53667	LIMK1	413	344...351	477...489, 497...514	375...388
P53671	LIMK2	405	[N/A]	468...511	367...375
P53778	MAPK12	114	[N/A]	170...190	65...80
P53779	MAPK10	146	67...79	206...216, 220...228	98...100
P54646	PRKAA2	93	22...28	156...178	49...54
P54753	EPHB3	711	638...648	775...803	673...687
P54756	EPHA5	753	681...687	817...843	715...728
P54760	EPHB4	693	621...627	757...785	655...668
P54762	EPHB1	697	624...635	761...789	659...672
P57058	HUNK	140	[N/A]	203...218, 220...228	[N/A]
P57059	SIK1	103	[N/A]	166...188	[N/A]
P68400	CSNK2A1	[N/A]	[N/A]	[N/A]	75...88
P78362	SRPK2	166	[N/A]	[N/A]	116...134
P78368	CSNK1G2	119	49...62	187...217	86...95
P80192	MAP3K9	220	151...158	293...314	185...197
Q00526	CDK3	80	[N/A]	144...167	[N/A]
Q00534	CDK6	98	20...27	162...184	58...70
Q00535	CDK5	80	10...16	143...166	46...55
Q00536	CDK16	240	171...177	303...326	206...217
Q01973	ROR1	552	[N/A]	632...657	[N/A]
Q01974	ROR2	553	[N/A]	632...657	518...530
Q02156	PRKCE	486	[N/A]	549...572	[N/A]
Q02750	MAP2K1	143	74...83	207...228	105...115
Q02779	MAP3K10	[N/A]	[N/A]	247...268	[N/A]
Q02846	GUCY2D	619	[N/A]	[N/A]	[N/A]
Q04759	PRKCQ	458	386...392	521...544	413...418
Q04771	ACVR1	[N/A]	214...220	[N/A]	239...241
Q05397	PTK2	499	428...434	563...587	462...468
Q05513	PRKCZ	330	[N/A]	393...416	[N/A]
Q05655	PRKCD	427	[N/A]	490...513	[N/A]
Q05823	RNASEL	434	[N/A]	[N/A]	367...369
Q06187	BTK	474	409...416	538...562	439...450
Q06418	TYRO3	603	[N/A]	672...697	[N/A]
Q07912	TNK2	205	131...142	269...279, 281...295	171...181
Q08345	DDR1	701	617...624	783...808	632...634
Q08881	ITK	435	369...375	499...523	400...411
Q09013	DMPK	148	[N/A]	212...222, 225...236	104...110
Q12852	MAP3K12	190	132...139	253...275	157...160
Q12866	MERTK	671	592...603	740...765	628...642
Q13043	STK4	102	33...45	166...178, 180...189	68...78
Q13131	PRKAA1	104	33...42	167...189	60...66
Q13153	PAK1	[N/A]	277...284	[N/A]	303...305
Q13163	MAP2K5	241	[N/A]	300...321	[N/A]
Q13164	MAPK7	137	62...69	199...226	93...108
Q13188	STK3	99	32...42	163...175, 177...186	64...76
Q13233	MAP3K1	1323	[N/A]	1387...1414	[N/A]
Q13237	PRKG2	530	[N/A]	593...603, 607...615	[N/A]
Q13308	PTK7	888	[N/A]	[N/A]	[N/A]
Q13418	ILK	269	[N/A]	[N/A]	229...238
Q13464	ROCK1	153	82...88	215...239	109...114
Q13523	PRPF4B	767	[N/A]	833...854	707...709
Q13546	RIPK1	[N/A]	[N/A]	[N/A]	54...56
Q13554	CAMK2B	[N/A]	[N/A]	[N/A]	52...67
Q13557	CAMK2D	[N/A]	[N/A]	[N/A]	47...49
Q13627	DYRK1A	238	166...173	306...326	194...212
Q13705	ACVR2B	265	[N/A]	338...363	221...223
Q13873	BMPR2	279	209...215	350...360, 369...381	234...236
Q13882	PTK6	264	198...205	329...352	223...225
Q14004	CDK13	791	711...717	854...866, 868...878	747...758
Q14012	CAMK1	[N/A]	[N/A]	[N/A]	66...70
Q14164	IKBKE	86	[N/A]	[N/A]	[N/A]
Q14289	PTK2B	502	431...437	566...590	465...481
Q14680	MELK	86	[N/A]	149...160, 162...173	44...47
Q15131	CDK10	117	[N/A]	180...191, 193...203	[N/A]
Q15208	STK38	166	[N/A]	229...241, 278...287	[N/A]
Q15303	ERBB4	796	[N/A]	860...885	762...773
Q15349	RPS6KA2	486	[N/A]	201...212, 214...224, 553...576	[N/A]
Q15375	EPHA7	711	639...645	775...801	673...686
Q15418	RPS6KA1	141	69...76, 425...432	204...215, 217...227, 556...579	149...156, 457...466
Q15569	TESK1	129	[N/A]	195...205, 209...222	[N/A]
Q15746	MYLK	1538	[N/A]	1604...1626	[N/A]
Q15759	MAPK11	106	[N/A]	[N/A]	62...77
Q15831	STK11	129	55...64	193...218	82...87
Q15835	GRK1	267	[N/A]	334...357	[N/A]
Q16288	NTRK3	617	544...550	696...711, 726...735	579...594
Q16512	PKN1	695	622...629	757...780	648...653
Q16513	PKN2	737	663...672	799...822	690...695
Q16539	MAPK14	[N/A]	27...40	[N/A]	31...33
Q16566	CAMK4	[N/A]	[N/A]	[N/A]	91...95
Q16584	MAP3K11	193	[N/A]	266...287	[N/A]
Q16620	NTRK2	617	543...554	693...718	579...592
Q16644	MAPKAPK3	118	51...58	186...195, 197...207	79...91
Q16659	MAPK6	113	23...36	170...196	56...70
Q16671	AMHR2	279	[N/A]	350...360, 373...385	[N/A]
Q16816	PHKG1	104	[N/A]	167...189	[N/A]
Q16832	DDR2	654	[N/A]	727...752	[N/A]
Q32MK0	MYLK3	589	[N/A]	655...677	[N/A]
Q38SD2	LRRK1	1334	[N/A]	1408...1429	[N/A]
Q56UN5	MAP3K19	1140	[N/A]	1203...1213, 1221...1232	[N/A]
Q59H18	TNNI3K	539	468...475	605...629	502...515
Q5TCY1	TTBK1	107	[N/A]	175...181, 201...204	74...83
Q5VST9	OBSCN	7745	[N/A]	6606...6628, 7808...7832	[N/A]
Q6DT37	CDC42BPG	148	[N/A]	212...222, 225...236	[N/A]
Q6IQ55	TTBK2	94	[N/A]	162...168, 188...191	[N/A]
Q6P0Q8	MAST2	589	[N/A]	652...662, 682...690	[N/A]
Q6P5Z2	PKN3	639	[N/A]	701...724	[N/A]
Q6PHR2	ULK3	91	[N/A]	156...166, 168...178	[N/A]
Q6SA08	TSSK4	102	[N/A]	165...176, 193...203	[N/A]
Q6XUX3	DSTYK	730	[N/A]	794...814	[N/A]
Q6ZMQ8	AATK	[N/A]	[N/A]	270...295	[N/A]
Q7KZI7	MARK2	[N/A]	58...68	[N/A]	91...106
Q7L7X3	TAOK1	105	[N/A]	168...187	[N/A]
Q7RTN6	STRADA	147	[N/A]	[N/A]	104...106
Q86UX6	STK32C	170	[N/A]	233...243, 247...255	[N/A]
Q86Y07	VRK2	[N/A]	32...45	[N/A]	53...55
Q86YV6	MYLK4	[N/A]	109...122	[N/A]	142...155
Q8IU85	CAMK1D	98	[N/A]	164...186	66...75
Q8IV63	VRK3	259	[N/A]	[N/A]	211...221
Q8IVH8	MAP4K3	90	22...28	153...164, 167...176	56...66
Q8IVW4	CDKL3	79	11...18	142...165	45...56
Q8IW41	MAPKAPK5	102	[N/A]	168...178, 180...188	[N/A]
Q8IWU2	LMTK2	214	[N/A]	282...307	[N/A]
Q8IY84	NIM1K	168	[N/A]	213...235	[N/A]
Q8IYT8	ULK2	85	[N/A]	157...179	[N/A]
Q8IZL9	CDK20	81	[N/A]	144...155, 160...168	[N/A]
Q8N165	PDIK1L	119	[N/A]	189...201, 209...223	[N/A]
Q8N2I9	STK40	141	[N/A]	215...238	81...97
Q8N4C8	MINK1	105	[N/A]	170...193	[N/A]
Q8N5S9	CAMKK1	230	[N/A]	292...315	[N/A]
Q8N752	CSNK1A1L	90	[N/A]	156...186	[N/A]
Q8NB16	MLKL	[N/A]	[N/A]	[N/A]	198...201
Q8NCB2	CAMKV	99	[N/A]	165...185	[N/A]
Q8NE63	HIPK4	89	[N/A]	[N/A]	[N/A]
Q8NER5	ACVR1C	270	[N/A]	340...367	[N/A]
Q8NEV4	MYO3A	100	[N/A]	167...190	[N/A]
Q8TAS1	UHMK1	111	[N/A]	176...196	[N/A]
Q8TD08	MAPK15	92	[N/A]	154...166, 173...182	[N/A]
Q8TD19	NEK9	128	[N/A]	193...205, 207...216	[N/A]
Q8TDC3	BRSK1	110	[N/A]	173...184, 186...195	[N/A]
Q8TDR2	STK35	315	[N/A]	380...392, 406...420	[N/A]
Q8TDX7	NEK7	111	[N/A]	178...201	73...87
Q8TF76	HASPIN	[N/A]	491...498	[N/A]	529...544
Q8WTQ7	GRK7	268	[N/A]	333...355	[N/A]
Q8WU08	STK32A	100	28...39	163...173, 177...185	56...61
Q8WXR4	MYO3B	106	[N/A]	173...196	[N/A]
Q8WZ42	TTN	32251	32184...32190	32317...32339	32214...32228
Q92519	TRIB2	130	[N/A]	[N/A]	[N/A]
Q92630	DYRK2	301	229...236	367...387	257...274
Q92772	CDKL2	80	7...18	143...166	10...13
Q92918	MAP4K1	91	[N/A]	154...165, 168...177	[N/A]
Q96BR1	SGK3	240	[N/A]	303...326	[N/A]
Q96C45	ULK4	75	[N/A]	138...152, 178...184	[N/A]
Q96GD4	AURKB	154	80...91	[N/A]	110...116
Q96GX5	MASTL	110	[N/A]	[N/A]	118...125
Q96J92	WNK4	254	[N/A]	320...341	[N/A]
Q96KB5	PBK	115	[N/A]	185...199, 200...211	34...37
Q96L34	MARK4	[N/A]	65...71	[N/A]	92...94
Q96NX5	CAMK1G	97	[N/A]	163...184	64...74
Q96PF2	TSSK2	90	[N/A]	153...180	[N/A]
Q96PN8	TSSK3	88	[N/A]	150...174	[N/A]
Q96PY6	NEK1	80	7...20	145...168	42...57
Q96QS6	PSKH2	137	[N/A]	[N/A]	[N/A]
Q96RG2	PASK	[N/A]	[N/A]	[N/A]	1051...1056
Q96RR4	CAMKK2	267	170...177	329...352	198...204
Q96RU7	TRIB3	129	[N/A]	[N/A]	[N/A]
Q96RU8	TRIB1	152	[N/A]	[N/A]	124...130
Q96S38	RPS6KC1	598	[N/A]	946...966	[N/A]
Q96S53	TESK2	130	[N/A]	196...206, 208...221	[N/A]
Q96SB4	SRPK1	165	[N/A]	496...516	115...133
Q99558	MAP3K14	469	406...412	533...561	433...435
Q99640	PKMYT1	187	117...124	250...272	148...164
Q99683	MAP3K5	754	686...695	821...844	725...729
Q99986	VRK1	131	[N/A]	196...226	78...90
Q9BQI3	EIF2AK1	392	[N/A]	460...469, 484...495	[N/A]
Q9BUB5	MKNK1	124	55...61	231...261	87...101
Q9BWU1	CDK19	[N/A]	[N/A]	172...198	[N/A]
Q9BXA6	TSSK6	90	[N/A]	153...176	[N/A]
Q9BXA7	TSSK1B	90	[N/A]	153...180	[N/A]
Q9BYP7	WNK3	227	[N/A]	293...314	[N/A]
Q9BYT3	STK33	192	[N/A]	264...278, 280...288	[N/A]
Q9C098	DCLK3	431	[N/A]	498...518	[N/A]
Q9C0K7	STRADB	136	[N/A]	[N/A]	[N/A]
Q9H0K1	SIK2	96	[N/A]	159...181	[N/A]
Q9H1R3	MYLK2	359	[N/A]	425...447	[N/A]
Q9H2G2	SLK	108	38...48	172...195	41...43
Q9H2K8	TAOK3	101	[N/A]	164...183	[N/A]
Q9H3Y6	SRMS	302	[N/A]	367...381, 383...391	[N/A]
Q9H422	HIPK3	275	[N/A]	343...364	[N/A]
Q9H4A3	WNK1	301	[N/A]	367...388	266...273
Q9H4B4	PLK3	139	67...77	202...225	95...98
Q9HAZ1	CLK4	239	[N/A]	322...342	[N/A]
Q9HBH9	MKNK2	159	[N/A]	225...255	123...135
Q9HBY8	SGK2	173	[N/A]	236...259	[N/A]
Q9HC98	NEK6	122	[N/A]	189...212	[N/A]
Q9HCP0	CSNK1G1	118	50...56	186...216	84...94
Q9NQU5	PAK6	481	414...421	543...566	446...448
Q9NR20	DYRK4	183	[N/A]	249...269	[N/A]
Q9NRM7	LATS2	745	[N/A]	808...820, 868...878	[N/A]
Q9NRP7	STK36	80	[N/A]	142...165	[N/A]
Q9NSY1	BMP2K	[N/A]	[N/A]	[N/A]	86...102
Q9NWZ3	IRAK4	262	192...198	328...340, 342...353	226...239
Q9NY57	STK32B	100	[N/A]	163...173, 177...185	[N/A]
Q9NYL2	MAP3K20	82	19...31	150...171	22...25
Q9NYV4	CDK12	813	733...739	876...888, 890...900	769...778
Q9NYY3	PLK2	159	89...96	222...245	115...118
Q9NZJ5	EIF2AK3	[N/A]	600...607	[N/A]	630...644
Q9P0L2	MARK1	136	66...72	199...221	98...113
Q9P1W9	PIM2	116	37...47	181...202	82...91
Q9P286	PAK5	523	455...461	585...608	482...484
Q9P289	STK26	99	30...36	161...184	63...74
Q9P2K8	EIF2AK4	802	[N/A]	865...874, 881...889, 895...906	[N/A]
Q9UBE8	NLK	219	[N/A]	281...305	[N/A]
Q9UBS0	RPS6KB2	148	[N/A]	211...234	[N/A]
Q9UEE5	STK17A	138	[N/A]	206...228	[N/A]
Q9UEW8	STK39	138	[N/A]	209...222, 229...237	[N/A]
Q9UHD2	TBK1	86	[N/A]	156...178	42...46
Q9UHY1	NRBP1	150	[N/A]	[N/A]	[N/A]
Q9UIK4	DAPK2	103	29...35	170...192	68...80
Q9UK32	RPS6KA6	152	[N/A]	215...226, 228...238, 564...587	[N/A]
Q9UKE5	TNIK	105	32...39	170...193	63...76
Q9UKI8	TLK1	538	[N/A]	606...635	[N/A]
Q9UL54	TAOK2	105	[N/A]	168...187	[N/A]
Q9UM73	ALK	1196	1122...1128	1269...1294	1158...1173
Q9UPZ9	CILK1	79	[N/A]	142...152, 155...164	[N/A]
Q9UQ07	MOK	82	[N/A]	144...166	[N/A]
Q9UQ88	CDK11A	504	[N/A]	567...578, 580...590	[N/A]
Q9UQB9	AURKC	120	[N/A]	183...204	[N/A]
Q9UQM7	CAMK2A	[N/A]	[N/A]	[N/A]	33...35
Q9Y243	AKT3	225	[N/A]	288...311	[N/A]
Q9Y2H1	STK38L	167	[N/A]	230...242, 279...288	[N/A]
Q9Y2H9	MAST1	451	[N/A]	514...524, 544...552	[N/A]
Q9Y2U5	MAP3K2	[N/A]	[N/A]	500...526	[N/A]
Q9Y463	DYRK1B	190	[N/A]	258...278	[N/A]
Q9Y572	RIPK3	94	[N/A]	[N/A]	[N/A]
Q9Y5S2	CDC42BPB	153	81...88	217...241	[N/A]
Q9Y616	IRAK3	241	[N/A]	[N/A]	[N/A]
Q9Y6E0	STK24	111	42...48	173...184, 186...196	76...88
Q9Y6M4	CSNK1G3	[N/A]	[N/A]	[N/A]	83...93